contrast,skew,curtosis,heat,cent_col,Class
2.446909034,2.702994728,0.832494517,0.531504627,-1.734316307,0
0.870103915,2.248492778,-1.49640805,1.383379132,-1.216271376,0
-1.93022739,-2.708964362,1.031232361,-0.125341495,0.683787677,2
-1.503409987,-2.555581906,0.83807134,-0.691760933,1.24284092,2
-1.02754764,-3.375372576,0.502047481,-1.86065538,3.321754379,2
0.60766856,-0.6687257,0.653556908,-0.539475797,1.060484644,2
0.137887021,-1.338048996,0.264780077,0.714120436,1.272975352,1
1.690845214,2.363458752,-0.431590016,0.657612692,-1.13243831,0
1.462723627,2.909886884,-0.277218208,-0.734254254,-1.62778188,0
-0.11880676,-0.998352527,0.027847458,-0.023366295,1.063166149,1
1.318956395,0.525081623,-0.201617882,2.39830144,-0.072319992,1
1.181105833,1.651427507,0.288955007,-0.311370426,-0.967192411,0
0.596183347,0.248668244,0.44072186,-0.231503039,0.01166966,1
-0.015213564,-0.435684293,-2.172400619,3.501240995,0.91850999,1
-0.091633271,-0.300224944,0.845159293,-0.365464018,-0.236561573,2
1.017945032,-1.274842785,1.074727051,1.531003696,1.129036886,1
2.224322241,0.96054192,0.710748215,1.680712867,-0.178718919,0
-1.366580336,-2.064266669,1.104495268,-0.57548363,0.546116699,2
-0.187163121,-1.274932435,0.983428453,-0.674086994,0.836492507,2
-0.541876426,-1.171553399,0.53939555,-1.038364029,0.841783319,2
-0.548758969,-1.603161063,1.229546794,0.195636141,0.401168347,2
0.834931946,-4.877217958,3.73299835,0.622956291,3.560237835,1
-2.870189935,-4.247529238,0.494058353,-1.680987516,2.577944984,2
-0.676621381,-2.095439627,-1.815581106,2.96632214,2.191082345,1
-2.276071083,-1.731076553,0.43458967,-1.173969291,0.01003625,2
0.801058804,1.125185178,-1.338414938,2.658361477,-0.507065144,0
0.363226137,1.96414052,-1.028466765,0.345264232,-1.343123051,0
-2.31665955,-1.401328666,0.591388313,-0.500107506,-0.772094142,2
0.252609234,-2.694412092,1.060267068,-0.700862033,2.88755442,2
0.123267884,-0.010483512,0.681106214,-0.934141776,-0.059055296,2
0.868166101,1.32286455,-0.434939043,0.617957365,-0.64866531,1
-0.752557393,-1.556986048,1.206588405,-1.041105744,0.602718573,2
2.327878087,2.410312581,0.717623106,0.740082652,-1.483903411,0
-1.06316434,-0.641928998,-0.047941493,-2.183290653,0.563361752,2
1.224856517,0.314178797,0.355844267,1.427861588,0.009016358,1
-0.476236668,-0.332498934,-1.83817498,1.48800676,0.813177821,1
1.057100662,-1.372228946,0.76091467,2.282110161,1.256096128,1
1.487118492,0.269056635,1.341671988,-0.357392691,0.188209268,0
-0.298994264,-0.987151031,-0.790100664,1.105235698,1.103288862,1
0.374410464,-0.128328732,-0.729932388,1.521473653,0.522368853,1
0.536271704,-1.336926342,-0.256405287,2.627981934,1.370637305,1
-0.791252031,-0.918972421,0.566471603,-1.114068625,0.314038644,2
1.095016872,-0.238468186,0.321946507,1.792363595,0.443410127,1
2.255042027,-1.284928671,3.748570167,0.081433755,0.79419326,1
-1.45981282,-0.6336702,0.127057394,-0.541601193,-0.519826665,2
-0.7556708,-0.538533614,0.607425652,-0.957860085,-0.190111597,2
-1.239753655,-1.849579338,0.937346194,-0.286906931,0.434758415,2
-0.62756518,-0.24586106,1.047271397,0.633739835,-1.301937393,2
0.520606008,1.412144454,-1.909268883,1.444031264,-0.259800883,0
2.038177079,-0.790831971,2.614188218,0.759669543,0.620035759,1
-0.227437471,0.552606653,-1.12697522,-0.145799326,0.027274623,1
-1.40437017,-1.977952962,-2.592407114,2.312223948,2.181227232,1
1.997361288,-0.255695276,3.346159471,-1.168222479,0.06587834,1
0.35544233,2.378591655,-1.338164796,-0.066358732,-1.467504169,0
0.040787505,-0.908760135,-0.375772127,1.104972585,1.016921037,1
0.817880496,-1.978242089,2.071906002,-0.039768997,1.575234052,1
1.155388827,3.055815508,-0.96306029,1.714890105,-2.425156908,0
1.363481749,-1.299996947,1.738687956,1.130663723,1.122746968,1
-0.266437766,0.608159093,0.517151235,0.383885852,-1.494430064,2
-1.874114734,-1.802842011,0.811222349,-0.367253634,-0.091813088,2
0.757310353,-0.793871813,0.881946143,-0.984459654,1.332473483,2
0.571429826,1.579698765,-1.258634854,0.256834366,-0.48749795,0
1.768803804,-0.4331637,0.906030575,-1.276086337,1.93344883,2
1.489977699,4.122506449,-2.312446466,1.779805264,-2.389394772,0
1.393342549,-1.047094295,1.557811878,1.373560479,0.901392318,1
0.029387929,0.383545889,-1.61777339,1.26238253,0.347791154,0
1.184170979,2.605102377,-1.056507464,0.920755473,-1.516011213,0
-0.420584236,-0.817864321,-0.054178296,-0.755511115,0.882263089,1
1.725739146,-0.17116953,1.199767567,-0.179048161,0.979592562,2
0.518553273,0.721245557,-0.462273303,0.756905608,-0.288233078,0
0.979407005,-2.790718623,2.990465978,-0.271322516,2.083025235,1
-1.622132987,-1.747184943,1.081601362,0.005658451,-0.254915099,2
-1.74403598,-1.974748752,0.654714554,-0.52062105,0.405215775,2
-0.598512336,2.530728154,-3.309315317,1.831287482,-1.720200707,0
2.2200021,2.970940351,-0.090703778,0.415539677,-1.531494815,0
2.312394465,-1.345001291,3.463481146,0.692287922,0.921093073,1
0.237661207,-0.237524947,-1.042705553,1.685440076,0.702181448,1
0.219436995,2.627456816,-0.171835552,-3.004109874,-1.74554851,1
-1.131579694,-2.969719993,1.611268979,0.366627515,1.134538863,2
0.650902014,0.194592512,0.493603015,-1.129527372,0.39964339,2
0.184624068,-0.236172771,1.057012763,0.336198531,-0.457251205,2
1.952028846,-1.924820676,3.113018096,0.918465079,1.457939436,1
-2.949638394,-3.898356583,0.901766607,-1.038114463,1.558647576,2
-1.654619627,-1.29654727,0.972307813,-0.045592603,-0.721259277,2
-1.346462579,-2.482465338,0.332064043,-2.079036977,2.165139694,2
0.722957584,-0.61888852,-0.509543505,2.47308971,0.9355194,1
0.052064356,0.680964456,-1.744689236,1.008085622,0.199088454,0
1.558608976,-0.074308794,1.307956911,0.851585948,0.268452026,1
0.570038781,0.550843429,0.871083642,-1.405475526,-0.28727318,1
-1.18720586,-0.737643942,0.100216524,-1.532278248,0.223485825,2
-0.68197657,-2.124628415,0.881907493,-1.833697435,1.863181156,2
-0.287834664,0.844154657,-2.588330823,2.222944764,-0.101671657,0
1.456645641,-0.032072113,1.105297855,1.059948605,0.2026017,1
1.009628264,-0.124081412,0.805042682,0.52573056,0.304923908,1
-0.259504206,0.738151807,-0.863524709,-0.829117808,-0.183716313,1
-0.239838851,-0.010487268,0.803679337,-0.058315898,-0.795406117,2
2.534473937,-1.437789482,3.660380115,1.07565485,0.958085261,1
-0.402523692,-2.650093497,0.749362944,-1.461129134,2.719585317,2
-0.699894248,-1.189889293,0.087910875,-1.64695805,1.266414609,2
3.039756247,2.003489214,1.262444075,1.386097625,-0.967764794,0
0.069977633,-0.821169232,1.119182102,-0.526529805,0.384295779,2
-0.302602971,-2.938136323,0.914576845,-1.222203186,2.948447218,2
-0.037186116,0.190962858,0.973012425,-0.051389139,-0.974904041,2
0.742414988,-2.064107764,2.471437919,-0.966931319,1.628913867,1
-0.725569233,-2.329357049,0.946609909,-1.784768111,2.000217083,2
0.772448725,-3.646005722,1.165787762,3.322752193,3.027573506,1
-1.62417245,-1.516846121,-1.792810976,-0.075291171,1.656578786,1
0.183838243,0.326089234,-0.334072201,-0.015941013,0.040775692,0
1.352118101,-1.761265838,2.732065766,-0.078758745,1.334858122,1
0.926241941,1.885886366,-0.716357608,0.742543306,-1.095726167,0
-0.076460945,0.911601536,-1.463205304,1.385745841,-0.538173262,0
-0.001131148,-1.333457581,-0.587021088,1.709397527,1.431264314,1
1.05550772,1.070592431,-0.509148038,0.483405704,-0.070845082,0
0.82270727,-1.02188122,1.1180535,-0.917266703,1.464088131,2
1.399314767,0.341861999,0.45296723,0.523705613,0.380727109,0
0.875823017,1.853428819,-1.940675846,2.342357635,-0.740803702,0
0.466045407,2.413449794,-1.624454856,0.766346883,-1.479873878,0
-0.682681892,-1.457271759,0.777722571,-1.515685666,1.036671156,2
-1.2946684,-0.44872256,0.23764815,-0.944307096,-0.528275138,2
-0.694277721,-1.729459568,0.586239601,-0.954925985,1.298374109,2
0.1185345,4.594570896,-3.549051161,0.942891056,-3.014358815,0
-0.265226404,0.27397536,-1.451800082,1.495142498,-0.003222129,0
-0.850792054,-0.90889162,-1.991799552,2.021567718,1.077953947,0
0.84832648,-0.978156356,0.508046529,1.561922523,1.032429976,1
0.615915111,0.936000564,-0.034123579,0.202431773,-0.581339226,0
1.036418887,3.035786467,-0.928357851,0.360494822,-2.067908488,0
0.338657365,1.708810659,-0.314888353,-1.347081765,-1.010195785,1
-0.266434078,-0.323962846,-0.850970235,0.80765344,0.494333076,0
0.409866721,-0.803134823,-0.003931809,1.355013037,0.870487686,1
1.486658661,-0.552927022,0.952839132,2.064108106,0.615480178,1
-1.794655938,-2.581543145,1.001651025,-0.338083149,0.755322231,2
-0.075732112,-0.659235076,0.573524385,-1.100583178,0.664817394,1
-0.576787196,-0.349454542,0.279548813,-0.28021435,-0.23682291,2
0.336093443,-0.778588683,1.107698114,-0.62144351,0.624329475,2
-1.027196089,2.086688147,-3.95868244,2.112460696,-1.203338208,0
0.304029704,0.724163224,-0.51602546,-0.193676682,-0.121630719,0
-3.066778567,-3.868059678,1.175067784,-0.612931708,1.059892302,2
1.646600588,2.55591987,2.4001229,-3.764989942,-1.992327863,1
1.599939872,-0.968917615,1.131139754,2.559918075,0.909856378,1
0.474922837,-1.29636572,0.790419417,0.498866682,1.218812731,1
-1.103577732,-1.723961024,0.395209684,-1.743185937,1.326315015,2
1.817198518,-0.867048195,1.949303059,1.546335507,0.729826876,1
-1.288843331,-1.620027836,-2.609853251,2.157631607,1.930579176,1
3.71681653,4.266307556,0.858915825,1.296606744,-2.690640841,0
1.852244644,1.748904657,-0.062199573,2.069737376,-1.019002073,0
0.082097373,-0.26144311,-0.574411823,0.869803529,0.516817159,1
-0.921076993,1.149343602,-2.988063141,1.13672921,-0.379320625,0
1.522566034,1.04144006,1.605654815,-0.853595359,-0.722859201,1
-0.324843501,-0.024723277,-1.351133131,0.690487222,0.500279366,1
1.118847541,1.542364628,-0.505739493,0.767920311,-0.674023461,0
-0.829486307,-0.794797054,0.4387679,-0.140047332,-0.112079242,2
1.994420696,-0.715203244,2.239006025,1.143876682,0.637415211,1
2.522112721,-2.776236521,5.255231471,-0.114076504,1.753668922,1
0.413669758,-0.800732122,0.571545673,0.213507316,0.835739969,1
1.683669623,1.528365183,-0.292568434,1.349093253,-0.490951149,0
0.690426062,-1.578468887,2.133166032,-1.009118186,1.271547866,1
0.495588245,3.688005375,-2.415410491,0.896343768,-2.418860653,0
-0.305801546,-1.709598093,1.385317572,-0.207550047,0.778257667,2
-1.081254805,0.777606,-1.839301892,0.622681921,-0.771395825,0
0.063195486,1.294136549,0.116448679,-1.213662297,-1.145282486,2
-0.899354283,-2.405109139,0.67131981,-1.535047338,2.047633802,2
-1.244390632,-2.183299148,1.186910761,-0.004692621,0.541674794,2
0.056754844,-0.156978006,0.530609981,-0.572292364,0.040151369,2
-1.241814331,-1.224644158,-2.286998104,1.295863948,1.561502597,1
0.446243689,-2.976797037,1.279205668,1.514948388,2.469797387,1
2.456941579,-0.878754791,4.021116192,-0.429145803,0.472926377,1
1.192621512,0.025824058,1.056073909,0.356164846,0.168306091,1
0.757510258,0.722436637,-0.742928445,1.519326742,-0.12024833,1
0.183766113,-1.918651196,0.333952557,0.647460285,1.977522192,0
1.020622366,-0.511759279,0.502655713,1.468584875,0.675574757,1
1.087692405,-1.568026461,1.595367917,1.141578919,1.287227266,1
1.914701725,0.277741227,1.257818048,1.623958455,-0.047765269,1
4.094431106,1.975777373,1.753697251,1.655179725,-0.410349477,0
0.452684386,3.892795141,-3.202972963,2.147926976,-2.546035257,0
0.508228869,2.313009047,-1.272005264,1.269450757,-1.760606922,0
-1.191295723,-1.535462722,1.104735409,-0.764424936,0.146855656,2
0.443807719,2.164862765,-1.475885953,0.879280973,-1.355948601,0
0.293671817,3.021151619,-2.358993231,0.713317023,-1.793616637,0
0.138759819,4.71827199,-3.004761135,0.068070493,-3.24725687,0
-1.605281602,-1.128317176,0.473365804,-1.085981269,-0.138664716,2
1.873706542,-0.241106397,1.722395498,1.255053541,0.310104333,1
1.091399824,2.560308231,-0.720095134,0.810785283,-1.764037789,0
-0.511904244,-0.080328761,0.311633417,-0.866148361,-0.316529977,2
-1.635494829,-1.963761726,1.059702521,-0.948691423,0.338329301,2
-1.696357156,-1.947430219,0.516873896,-0.890761832,0.649566937,2
-0.261465394,-1.203422424,0.044142883,-0.122320598,1.195668314,1
2.247791512,3.626484984,0.09214983,0.361535155,-2.403579217,0
-0.358150856,-4.196067779,1.260657079,-1.593069322,4.26123918,2
0.094971065,0.848357383,1.056014732,-3.286668769,-0.570583608,1
1.507301922,-1.25642377,2.416069599,0.331698064,0.974452058,1
2.385121967,3.39334117,-0.735621583,1.409990504,-1.740513957,0
1.44291153,0.888594535,0.278585234,1.805339627,-0.543148525,0
0.165369698,-2.254959437,0.324225813,1.683723834,2.007275355,1
0.856817545,0.522365018,0.86202102,-0.427787345,-0.318099764,2
1.530782719,-1.525843048,1.372662966,2.280428255,1.42311577,1
1.856897749,0.839196774,1.087741215,1.038494338,-0.438206638,0
1.655973227,2.843998408,-0.933348197,1.464435785,-1.640063459,0
-0.727958683,1.670033452,-1.949405589,-0.379330453,-1.070911874,0
-0.422351566,-0.840141524,0.851435264,-0.70557728,0.209474822,2
0.728944075,-0.37060512,1.681010366,-1.326336776,0.321237747,1
-0.12373552,-2.167275353,1.012495744,-1.883655495,2.355596957,2
0.531191178,0.030366526,0.981813709,-0.053698711,-0.257830156,2
-0.564512246,-0.07865772,0.562398889,-0.226753203,-0.778393601,2
-0.576428635,1.164716815,-2.056798542,0.470526096,-0.542998777,0
0.897393303,0.427126297,-0.96574744,2.932773859,0.037824671,0
0.769637067,2.265937166,-0.422728374,0.347873803,-1.77756805,0
-3.083822308,-2.689192855,0.168053607,-1.60425233,0.743197963,2
-1.176588603,-2.394377308,1.321544023,-0.535624162,0.939560897,1
-0.953149609,-2.765919231,1.19070821,-1.282681681,1.948452709,2
-1.601130685,-0.221571282,-2.824219408,1.677094673,0.30348889,0
0.935614937,0.063970819,0.760588457,0.242944036,0.143743896,1
0.626835332,-0.908206075,0.89012631,-0.835773587,1.288490523,2
0.559822451,-0.472119415,-0.081147932,1.911319408,0.481821275,0
2.537012547,-0.008526166,2.510573168,1.379054165,0.019138365,1
-0.002275112,-0.686857713,-1.19359272,2.011271173,1.012011462,1
0.717841497,3.589035065,-2.050462299,2.352066359,-2.873377259,0
2.265243528,1.337753502,1.35125731,-0.396759046,-0.347890398,0
-0.841961685,-0.744079606,0.398131901,-0.718652882,0.047605979,2
0.085457848,-1.959478989,0.873772065,0.329937423,1.638957758,1
0.838994736,-2.290814184,1.049642784,0.900049304,2.407848596,0
1.276035564,-5.296743927,3.750417362,2.052931368,3.961709618,1
0.487077726,-0.672291619,0.640195016,0.219998794,0.697885858,1
0.571700422,-2.160638405,1.193872676,-0.958602468,2.540702874,2
3.342069901,-2.534392251,4.594116749,2.887831275,1.68648187,1
0.109843547,0.974955875,-1.322014794,0.814339673,-0.346570909,0
1.985534464,1.224208494,1.46827673,0.204953866,-0.771717523,0
-2.431071356,-2.443764553,0.669872316,-0.321483397,0.239349165,2
0.913270513,-1.013128005,1.400136526,0.087878738,0.977117168,1
0.963599675,-0.129079795,0.312080605,1.301870528,0.368273096,1
1.390786166,1.927534749,-0.749378576,1.905107307,-1.0898519,0
0.594708854,-2.452591605,2.151953715,-0.294984361,1.95902351,1
-3.832051633,-5.8624745,0.703043074,-1.992290945,3.54936499,2
2.892589124,-1.126191805,4.226043065,0.085613726,0.841973015,0
2.893136424,5.419048216,-0.939466845,0.450863288,-3.187318926,0
2.500157283,2.479146325,-0.134156559,1.9502917,-1.185411871,0
0.914699827,-0.418070574,-0.248268543,1.534880601,1.006062724,0
1.486450545,-1.556039253,1.719858355,0.743803399,1.690919608,0
-2.441386157,-3.177976002,0.745745751,-1.073214081,1.307086481,2
-0.794257132,0.963771327,-3.023263473,1.783121712,-0.23823946,0
0.273189728,1.226778825,-0.057858473,-1.096280908,-0.778536378,2
0.98196465,0.489858481,-0.630086793,2.156336673,0.06015685,1
0.984974774,-0.429304623,0.345902407,0.839302281,0.880675828,0
-0.357566833,-2.620639849,1.348799541,-0.339646137,1.886490444,2
-0.825572405,-3.171126284,1.339958515,-0.812761461,2.274206863,2
-0.87331276,-2.144468128,1.056545131,-1.230194413,1.366729233,2
-0.775077374,-2.18944048,0.960219727,-0.579217867,1.358192891,2
-1.72549089,-1.284434183,0.267443521,-1.497225591,0.23212213,2
0.8794116,0.563950518,0.161168312,0.50520157,-0.14428938,0
2.272623595,0.097327576,2.106434261,0.416197793,0.284137581,0
0.508922725,0.744904893,-0.275833189,-0.074321468,-0.176461811,0
0.548889074,0.052652427,-1.104320105,1.656389965,0.704774267,0
1.941519737,-3.058069011,3.33378506,1.985391415,2.25892151,1
0.573119022,-0.542072242,0.875195391,-0.414383577,0.667573363,1
-1.572704912,-1.057620201,-1.827277108,0.845201712,0.864569503,0
0.901742193,3.090149246,-2.321776051,1.178714092,-1.496344319,0
0.810995826,0.075112289,0.269577222,0.820258404,0.182005724,1
2.734599979,-1.22708355,4.415977528,0.004059104,0.699768912,1
1.457446047,0.275224125,0.538999536,1.664590055,0.05313131,1
3.590501018,3.224201489,1.418878439,0.767087927,-1.806223546,0
-1.191211663,1.955563775,-3.436158512,0.786274361,-1.132382697,0
0.849974646,2.2137994,-0.740806341,0.169040711,-1.339288759,0
1.241709553,1.630361026,-1.136758146,1.578560103,-0.471488617,0
-2.614810195,-2.244309548,0.832487873,-0.116774455,-0.363091438,2
0.886246319,0.254612984,0.476172455,0.304636185,0.063045558,0
1.508612679,0.908102398,1.176604566,-0.666404737,-0.320151534,0
-1.327617598,-2.336663525,0.980432841,-0.455335405,0.957912113,2
-0.405156069,-0.096440786,-1.512308812,1.031004924,0.513091712,0
0.714291738,-0.341792644,0.72995174,-0.648320614,0.751963354,2
0.943259635,0.680697334,-0.031656821,0.933483474,-0.227404303,1
2.02957355,3.667784116,-0.199102246,0.566740425,-2.509466037,0
-1.024743757,-0.30831279,0.377403332,-1.63707831,-0.306774785,2
1.271709388,1.795766907,-0.362575825,0.500403507,-0.846830676,0
2.338987545,4.751425507,-0.905016981,1.165609978,-3.18639508,0
1.238851802,-1.196974772,2.847120225,-1.087032782,0.821943983,1
-0.725379995,-2.164162321,1.058308945,-0.309247802,1.207111172,2
-0.017910384,-3.306836521,0.781138842,1.552807179,2.788839736,1
-0.788189115,-3.2395823,-0.886732345,2.624420761,2.868316547,1
0.839580333,-0.342417343,-0.668303519,3.065019791,0.62938599,1
0.097959877,-0.378494605,-0.215784898,0.08596825,0.673950287,0
1.0685511,1.208651179,0.611988872,-0.520959192,-0.715810131,1
-0.576737692,-0.332148522,-1.579748861,1.015803325,0.688741596,0
2.393747915,4.314031922,-0.424670235,1.581332412,-3.120380433,0
1.833350848,3.720630646,-1.032941603,1.312569851,-2.38886759,0
-0.151087908,-1.896767401,1.037724015,-0.914692633,1.652539305,2
2.947560087,0.412672113,1.416037158,0.33782413,1.086647175,2
-2.864439227,-4.379625811,0.267801099,-1.742167868,2.93162867,2
-2.337203806,-2.890969241,0.874407621,0.022008052,0.585918816,2
0.893056801,0.818911506,-0.080628899,0.70980546,-0.324193153,0
1.427208644,1.59262874,-0.239171495,0.460595107,-0.53861207,0
0.944494511,-0.474577985,1.03646081,0.345382162,0.549608306,1
0.312921729,0.27837275,-0.180942853,0.179291023,0.035423273,0
-1.258684292,-0.214995564,-2.39387389,1.284544988,0.429352286,0
-0.367341502,-1.623447856,0.980894183,-0.971870295,1.187718085,2
-0.932467999,2.443391431,-3.568143482,0.145355484,-1.148366629,1
0.027302512,-0.659004022,-0.288479827,1.014081625,0.673340768,0
0.407282764,3.538084007,-3.839834706,3.366971731,-2.112131333,0
0.18221048,-1.233044037,0.329457538,0.692856563,1.148402134,0
0.907373503,1.203320454,-0.01546733,-0.432125036,-0.419868176,0
0.510335418,1.688336715,-0.927596125,0.157380911,-0.887946331,0
0.636633926,-1.160955286,-0.007029552,2.101149378,1.251136974,1
-0.773600299,-1.489594781,0.6009742,-0.927528873,0.918323113,2
0.80322552,-1.003999389,0.823545455,1.013142957,0.974736246,1
-2.251646239,-2.744151426,0.254102155,-1.43813978,1.464958501,2
2.194251954,2.260478986,0.034593943,1.510682199,-1.185610228,0
-0.000577696,-1.528982585,-0.094167808,1.24633922,1.455043814,1
0.074718488,2.723357908,-1.950230802,0.192911195,-1.770552176,0
1.921660223,0.38715628,1.620993363,0.820439513,-0.164831437,1
-0.19420712,1.709714666,-2.57061691,1.728234966,-0.884619463,0
1.71874396,-0.557726038,1.492678683,1.728497524,0.549545623,1
-0.2871708,-0.38743907,0.625894205,-0.751799909,-0.016839933,2
-0.95249292,-1.256686667,1.054561937,-0.340317996,-0.070901225,2
-0.962410034,-1.131484366,0.659455898,-1.123210729,0.339891032,2
0.761661014,1.107741639,-1.221316685,1.225943472,-0.11319285,0
-3.065012973,-4.310043582,0.676961985,-1.745137845,2.354866029,2
1.28368142,3.500466462,-0.638607019,0.083601731,-2.51045393,0
0.813893887,-0.748618433,0.156649365,1.93658149,0.86097362,1
1.301743626,3.186870271,-1.020804341,0.462212699,-1.965177027,0
-1.939247278,-2.398680849,0.166459368,-1.343734258,1.379531664,2
-0.076418849,-0.121850734,0.678669489,-0.499562007,-0.262750221,2
-1.348914239,-2.153758387,1.049033289,-0.843726449,0.803976714,2
0.558435968,0.946156074,-0.755411241,0.988933829,-0.37881762,0
-1.203262481,-1.829857328,1.019553573,-0.530679758,0.468450135,2
0.943054562,0.5054248,-0.414213421,0.57421714,0.393078619,0
0.25611738,-5.062909119,1.911855481,2.456079734,3.970079068,1
-0.723081428,-1.466750162,0.772798167,-0.581583825,0.689105271,2
1.120593807,-0.77601165,1.436643847,0.511815396,0.714385549,1
-2.850019013,-4.473548156,1.385336478,-0.892069552,1.921828543,2
-0.799069946,-0.428168542,-0.15871281,-1.891134412,0.537974298,2
-1.644139487,-0.811570687,0.730046682,-0.300793542,-1.017444524,2
0.921767918,0.717744037,-0.873059509,1.58391297,0.114349699,0
0.200274241,-2.383634661,0.0815221,2.367250493,2.137641056,1
0.282440484,1.86629146,-1.367661948,0.60749434,-1.138742586,0
1.361247591,-1.474389731,1.297657489,2.086250799,1.32711746,1
0.745736589,-3.474780525,3.329021414,-0.655909729,2.557151931,1
-2.038504554,-0.335563903,0.330703942,-0.435499165,-1.605732663,2
-0.459260252,0.3222583,-1.754086281,1.572924995,-0.042195471,0
1.932651301,4.362328712,-0.182124834,-0.547733366,-3.051378819,0
-0.614808831,1.006844729,-1.853781241,0.450208616,-0.536626769,0
-1.038620732,-1.294508172,0.60318198,-1.239234181,0.545026719,2
-0.132218821,-1.294563732,1.359744026,0.871385505,0.091318138,2
0.593045938,3.348895294,-1.972849446,0.539140052,-2.132676574,0
-1.075680665,-0.920326528,0.356017383,-1.175445964,0.228889017,2
0.729128107,1.472211696,-1.145955712,1.017080472,-0.561032338,0
1.640414261,3.474046971,-0.857735191,1.10894339,-2.337034367,0
2.369778136,-0.218475145,2.034517359,2.028672942,0.244048892,1
-1.578281581,-0.679540522,0.247558582,-0.638772984,-0.632886917,2
2.651017684,1.750075152,0.127941135,2.813480036,-0.67424084,0
-1.159051169,-1.631114707,0.834911186,0.026789146,0.218399803,2
2.787633013,1.092826147,2.637142213,0.568430581,-0.869214533,1
1.13097238,1.482096671,-0.103662689,0.590675838,-0.831420947,1
0.435878649,1.203352645,-1.119140801,0.937950115,-0.50840204,1
1.17650405,-0.647188841,0.803698515,1.477113881,0.753398887,1
2.079462128,3.004437015,-0.706855537,1.49812251,-1.616363728,0
1.241249789,1.169224329,-0.332474833,1.781631926,-0.598323492,0
0.967078517,-1.563874619,1.278761921,1.380952527,1.324022151,1
0.807400795,1.600005382,-0.965617309,0.957440487,-0.754471899,0
0.156886598,-0.132263467,1.021282551,-2.096841119,0.265884017,1
-0.348980214,0.210395751,-1.718677677,1.094018214,0.333914275,1
-0.162006175,-0.868161478,-2.149060066,3.441698222,1.298561712,1
1.587240014,-0.844546032,2.246826148,0.320300375,0.690588089,1
2.689095068,5.62275943,-0.882030446,1.042116399,-3.869190633,0
0.103888441,3.049059299,-2.869324371,1.009612514,-1.724070779,0
0.187004232,-2.235215379,0.66861278,-1.35059704,2.800193198,2
-1.09371178,-2.72043627,0.823244719,-2.086006404,2.318114214,2
0.595629291,2.409203627,-1.736339605,-0.027310646,-0.993605388,0
-1.596621969,-1.989712879,0.58360592,-0.49869478,0.606759154,2
-0.499762072,3.08463364,-4.426269774,2.013622152,-1.510806133,1
1.947849288,5.067778333,-1.335310991,0.558171987,-3.394229484,0
-2.21077654,-2.554769077,0.906373886,-1.533182744,0.821087357,2
0.718901622,2.527069016,-1.313530431,0.7023431,-1.589649079,0
0.759704928,1.483060822,-1.142016157,2.109911468,-0.92818487,0
1.311361635,2.833058881,-1.860148589,1.019531277,-1.098714901,0
0.57609981,-3.306573863,1.552254831,-1.844131959,3.946096407,2
0.472175741,-0.748558137,1.424516778,0.758354132,-0.001678403,2
1.246085327,-0.541973926,0.155676344,2.796425741,0.721535805,1
-2.096888029,-2.801247748,0.594280286,-1.121979927,1.312243947,2
-1.435693805,0.382255703,-2.36154062,0.437334157,-0.176263289,0
0.092240777,0.246334051,0.347869725,-1.248325987,-0.033937692,1
1.527728764,1.819578651,0.959737249,0.678374347,-1.690694254,2
-1.206424302,-2.279799982,0.985072034,-0.298562438,0.945729378,2
0.282054746,-1.848153351,1.834950966,-1.29844088,1.534644547,1
2.159108603,3.645367309,-0.889788801,0.408917967,-1.787900059,0
1.957977185,3.142751259,0.489901077,0.469791296,-2.436002327,0
-0.103401039,0.512313562,-0.778299957,-0.28169367,-0.02340399,1
0.833772927,-1.021272578,2.079373052,-0.965895758,0.76851558,1
0.707658286,2.244601293,-1.710416796,1.923579731,-1.390706291,0
1.270659043,1.034752464,-0.406843443,1.691018669,-0.323535993,0
0.585470723,0.787293093,-0.934173605,0.612537037,0.100517043,0
0.086685723,3.161424291,-2.75416339,1.739503868,-2.21402554,0
0.910608788,0.620298833,0.667323126,-0.328579598,-0.272450781,1
1.319767851,-4.549229826,3.614247187,1.702522537,3.337864466,1
0.133914677,0.455913473,-0.241036493,-0.498686026,-0.062385479,1
-0.800653203,-1.280804554,0.65827552,-0.898448034,0.591579688,2
-0.352500096,1.693087213,-2.586507298,1.553411536,-0.940274938,0
1.676417768,0.055961536,2.250601304,-0.305543548,-0.082023087,1
0.903550232,1.398206742,-0.311319456,0.624725112,-0.800352328,0
-0.530519915,0.107711975,-1.188001404,-0.231392991,0.348257727,1
0.806537337,3.61475067,-2.069161718,1.64345123,-2.560562998,0
1.223800416,0.746068991,-0.121538341,1.215347688,-0.07306425,0
0.125905763,0.469264093,-2.689542795,3.654589505,0.309647094,1
0.718728451,-1.024307651,0.801265907,-1.417970144,1.78168736,2
0.145177124,0.716094533,-0.65180776,-0.015553446,-0.220625649,1
-0.220766253,-0.612631198,-2.048140289,3.053167368,0.998978615,1
0.342793608,2.058100677,-1.886064997,0.838482814,-1.001236145,0
1.216769442,-0.685773662,0.519661533,2.378301495,0.737035779,1
1.174028246,0.130058925,1.31352447,-0.238335336,0.040241307,1
1.477423156,1.62298538,0.722288161,-0.402192107,-0.949994868,0
-1.123017889,-6.586391182,1.705253998,-1.910241289,6.164079675,2
2.123469611,0.956166931,1.397869915,0.121359429,-0.241953487,0
0.387229698,-0.211480757,-0.602903603,1.442953079,0.565119282,1
0.783371427,1.105454516,0.900874076,-1.555454357,-0.717356292,1
-0.162280968,-0.31043872,1.252208708,0.698563194,-0.966187989,2
1.074329913,0.915895093,0.233298919,1.096212518,-0.640013172,0
-1.340612839,-0.149100951,0.193371485,-0.995658837,-0.876443175,2
0.211348152,-0.090028613,0.416607592,-0.944522205,0.320252988,2
-0.263571406,-0.19876412,0.721435554,-0.240664792,-0.468565393,2
2.870514689,1.644828386,0.773728439,1.88578735,-0.506268142,0
-1.620118407,-2.139808374,0.960268227,-0.788690049,0.581126674,2
-0.401745099,-0.873662559,1.098842736,0.114737704,-0.202395813,2
-2.102185552,-2.137507714,0.815383789,-0.698030543,0.204563744,2
0.828786728,-0.309839039,0.609800585,-1.497106639,1.206439652,2
0.236733275,1.469863951,-1.963061265,1.062183672,-0.420946822,0
0.99606393,1.670631684,0.009369253,-0.783012654,-0.789224657,0
-2.054017745,-3.515552782,1.038296717,-1.23871653,1.90880043,2
0.497764142,-1.547216616,0.818063975,-0.424773873,1.838802451,2
-1.712507528,0.302369958,-0.033636509,-0.359302148,-1.812027866,2
0.722208173,0.114575262,0.482790203,0.917883011,-0.142107946,0
0.04911824,2.648697905,-1.85289882,0.617808338,-1.926553678,0
-0.485328499,-0.827254496,0.533659756,-0.655326663,0.356446762,2
0.024047166,1.722078513,-2.279116447,1.255665669,-0.749750706,1
0.310553244,-0.034288891,0.084189735,-1.201296311,0.685778487,2
-0.500993305,0.658995417,0.604835946,0.370340576,-1.835545635,2
-1.919700368,-5.281309342,1.357027358,-2.185790429,4.223990454,2
1.050168476,-1.400156181,1.738309304,0.512566625,1.163789964,1
1.467940296,1.359246187,-0.233788812,0.975076715,-0.405872655,0
0.59708861,1.439077085,-1.466876271,2.059781329,-0.766617445,0
1.288658974,-0.891023281,1.02110791,1.623767052,0.934011671,1
1.023148889,2.528083875,-0.404963636,-0.444576557,-1.589898638,1
0.387685518,-1.069878322,0.700669362,-0.870612354,1.411352111,2
2.957362955,-0.530726641,3.94088262,0.602255267,0.229119876,1
0.87746903,0.370439028,0.011460754,1.074908176,-0.001597387,1
-0.080407396,3.96643085,-2.246361387,-0.068089351,-3.080695531,0
1.629075195,-0.905596448,3.244102677,-1.08504993,0.541766431,1
-1.335261915,-2.708343917,1.07381755,-0.586387375,1.368136505,2
1.017309118,-1.94818653,1.665029028,-0.1386273,2.066128799,2
-1.829976752,-1.167457895,0.416214308,-1.345430694,-0.169279064,2
0.966198143,2.550372758,-1.401955513,0.289923606,-1.176133215,0
-0.591762621,1.38438183,-1.936528226,-0.697498695,-0.502848924,1
0.491200504,-3.243204284,0.156050773,4.108230986,2.770812053,1
-0.63663473,-0.687611478,0.872037756,-0.523758609,-0.251119199,2
1.672326908,2.640054098,-0.604579532,1.442064738,-1.621430142,0
0.254590758,1.536975585,-1.701915205,1.047927049,-0.67524543,1
-0.475413891,-2.089698231,1.153734696,-0.205417844,1.244720843,2
1.279138759,0.10455172,0.355997323,1.897332893,0.145764864,1
0.350679342,-3.868492766,2.023375813,1.135807446,3.013492279,1
0.063692846,-0.590206519,-0.79019964,1.296765153,0.904192586,1
2.071813784,-0.757280553,2.770733964,0.560987808,0.563095792,1
-1.306528375,-3.621602372,0.954797321,-1.598335699,2.92218151,2
1.670954472,-0.116384076,1.893090772,-0.109583958,0.318228016,0
-0.256352302,-2.375220764,1.047825416,-1.060933608,2.166210009,2
-0.354271582,-0.82865112,1.016775322,-0.547679607,0.080435522,2
1.199327666,-0.405109116,1.707755812,-0.048907864,0.338304329,1
-0.228677278,-0.143206811,-1.993336048,1.782334577,0.834000625,0
0.53010297,-2.101645326,2.296528307,-0.909054962,1.586123763,1
-0.594945058,-2.017634235,0.847750119,-1.722716348,1.804479031,2
0.813852913,-1.081534706,1.409620757,-0.66699405,1.220716989,2
-0.426234371,3.680637063,-2.037528465,-1.670538221,-2.664297353,0
1.459409369,-1.752674049,2.550026797,0.640249803,1.311837962,1
2.353789757,-2.536928993,3.652211305,1.711993354,1.880906516,1
-0.576021271,-3.463796467,1.407857482,-0.704452482,2.767109699,2
0.83356623,0.914726453,-0.813233249,0.849413635,0.007972515,0
-0.421057111,-0.493656783,0.314445222,-1.784593761,0.577152976,1
0.031906843,0.044419291,-0.208387555,-0.232183762,0.214289831,0
-1.150084993,-3.150536102,1.080241274,-1.49378225,2.377865867,2
0.048846784,-0.075333136,0.369547424,-0.978895935,0.198001039,2
-0.53778712,-2.413852299,1.237870245,-0.606466158,1.64802154,1
0.810278561,-1.115560471,1.355804821,0.021541142,1.058896911,1
0.043381392,0.761202306,0.032127823,-0.955442436,-0.556538149,2
-0.805253662,-2.473349683,1.131384877,-0.517013721,1.517352682,2
1.658364478,-1.484687816,2.441029956,0.759383771,1.219825613,1
-0.797111394,-2.510527051,1.332666665,-0.675399803,1.473045331,2
-0.262203838,-2.421138919,-0.57991996,2.32978714,2.259303125,1
2.493694514,3.38517302,1.072412295,0.017065489,-2.503094244,0
0.692942662,2.438231549,-1.318066899,0.693632561,-1.501869919,0
3.547389042,1.702114178,1.657565721,0.485688085,-0.118116111,2
0.58318859,1.173980897,0.191988876,-0.300874201,-0.889830441,2
0.627285226,1.284939147,0.721407089,0.57593654,-1.682995568,2
0.409177016,-0.087761521,0.33013836,-0.103620306,0.275319988,1
-2.225384234,-5.055313896,1.12035349,-1.238317686,3.517588736,2
-1.372110445,-3.123827129,0.787864116,-1.118061597,2.227332812,2
-0.577632935,-0.879670688,-0.576752445,0.311638051,0.8303429,0
-1.680345225,-1.720258361,0.310132225,-0.917285027,0.558937968,2
-0.035329722,1.48011014,-1.721922801,1.152201571,-0.900169267,0
-0.075295033,-1.820478429,1.030199722,-1.107628756,1.705478076,2
1.196314438,-0.540158254,0.729822344,1.167339353,0.807849897,0
-0.444655279,-1.883913567,0.851901816,-0.404934715,1.32489231,2
1.852136191,-4.458714138,3.38582598,3.227357657,3.369942819,1
2.013772951,2.673771944,0.224787597,0.248928809,-1.550196014,0
1.354532295,-2.616432206,1.820192748,2.510263343,2.138929529,1
2.762069377,2.480067086,0.629939767,0.775142302,-1.106834052,0
-0.278680594,-1.318327885,0.950200569,-1.244180727,1.025592577,2
2.841829811,2.242153394,0.645061569,0.101632074,-0.526507986,0
0.170822209,0.893820968,-0.554538541,0.406918412,-0.627893044,0
1.422148956,-0.865516487,2.488413633,-0.459364367,0.65059135,1
-0.909388901,-2.726683055,1.747530722,-0.054193429,1.097417257,2
1.180972926,-2.035279927,1.84656601,1.517449254,1.610780117,1
0.60476377,1.935720332,-0.457659964,-0.845575275,-1.098076368,0
-3.481593503,-2.725164754,0.18638053,-0.854190226,0.139202499,2
1.042249546,-0.561529983,0.222026385,0.492373466,1.305162829,0
0.893113539,-0.714216098,1.217040319,0.264798647,0.67884713,1
-2.533696944,-2.191496632,0.720130558,-0.586609196,-0.102251113,2
0.549325608,-1.701715245,1.243485484,0.380713748,1.471192777,1
0.752450705,-3.067700304,2.167758733,1.049325744,2.358872184,1
1.772791647,-0.506302604,2.102834288,0.671223424,0.44819758,1
-0.003702545,2.074742267,-2.064976814,1.762223897,-1.532027078,0
-1.272076362,-0.122588539,-2.508353708,1.28466607,0.392888766,0
2.685652794,4.144765621,-0.559923719,2.123192815,-2.732698271,0
-0.151266073,2.207540454,-2.179430665,1.132386192,-1.523107278,0
0.306756536,0.061922306,0.192388861,-1.530669611,0.601046792,2
0.40864656,-2.238674823,0.688664043,1.729175747,1.926027943,1
1.563086735,0.199577567,1.430579682,0.40274966,0.010884606,1
-1.126194405,0.115356525,0.371031202,-0.431152569,-1.319942174,2
1.755961095,1.173160572,0.73851242,0.431225369,-0.456349143,0
-0.344878232,-0.246191827,-1.982028435,1.959928091,0.777482097,1
1.730857446,-1.130590802,1.788969918,1.926162744,0.95079943,1
-0.438348614,1.0465635,-2.724663099,1.596866718,-0.163160115,1
2.340141202,0.137657506,1.119338648,1.12369411,0.794887865,0
0.723651834,-0.232677122,0.389528917,-1.546389678,1.198888434,2
-0.336233341,-2.405390867,1.181120224,-0.437606478,1.810511092,2
0.73570465,1.978987013,-0.683202925,0.148435118,-1.203118103,0
1.794766932,2.608511404,0.698613649,-0.176190921,-1.885685812,0
1.381517512,-0.527878966,1.538098892,0.789497658,0.490773208,1
-0.58161893,-2.620025463,0.675060381,-2.012200238,2.763610757,2
-0.480511816,-2.340969249,-0.311546607,1.200247944,2.150745502,1
-1.793688551,-2.089109337,0.784482644,-0.467058594,0.37863766,2
3.631021084,1.755381141,1.384489625,2.356253973,-0.548340614,0
1.33762227,-0.732805344,2.715030387,-1.18713529,0.496452485,1
-0.110150742,1.521573272,-3.486753608,3.18960884,-0.402091995,1
-1.161422014,-1.788536157,1.200148164,-0.194869972,0.206075231,2
2.389321613,-1.352155816,3.69876903,0.398073247,0.927132527,1
0.282833099,0.838353311,-1.230916836,1.007966168,-0.157984905,1
-1.446099427,0.183565398,-2.940930289,1.833244693,0.000210405,0
-0.255535601,1.541930359,-2.612114845,2.197200125,-0.874358059,0
1.541858026,3.907647806,-0.363520636,-1.391811894,-2.44674865,0
0.570909419,1.576918204,-0.052299724,-1.093292186,-0.921482465,1
-0.768056158,-1.882080765,0.674979035,-1.029663447,1.370134724,2
-1.263918779,-2.023353946,0.079324794,-1.766410692,1.777625083,2
1.358692909,-2.393243916,2.682595875,0.797921641,1.824893869,1
-0.553508207,-2.851979484,1.303902777,-0.880304889,2.199883419,2
0.458762611,1.132924241,-0.522753722,-0.224709849,-0.447041563,0
-2.042104496,-2.684491374,0.736190532,-1.570977248,1.274167263,2
0.958249485,-2.476356784,1.003526969,2.893099302,2.081866799,1
1.640968918,1.792173435,-0.49810176,1.937588462,-0.894801376,0
-0.966327025,-0.159133085,-1.390442101,-0.790520373,0.604153813,0
2.017292272,1.76528077,0.257853758,1.548515621,-0.94323236,0
2.244063913,1.272941746,0.428249645,1.763540532,-0.348310855,0
-1.683000503,-0.521475286,0.791620968,0.561696878,-1.744852242,2
-0.76253034,3.399697807,-3.203804376,-0.77026019,-2.081857174,0
-2.238935074,-0.113355306,0.567028551,0.559976785,-2.581117697,2
1.331262247,0.8235054,0.128827842,0.030749876,0.159166862,0
-0.020678993,-0.064196624,0.400176837,-0.766534954,0.022860652,2
0.480182551,-0.17156747,1.088951202,-0.25935737,-0.074429282,2
-0.060974659,-1.378977839,0.256063462,0.28240555,1.292166687,1
0.45509503,0.529341837,0.933083307,-1.81451619,-0.273650251,1
-0.226543434,-0.851111624,0.111136123,-0.592098953,0.922404373,1
-0.395610628,2.708083591,-2.70683731,0.596992652,-1.764684083,0
-1.223470971,0.341799687,0.226110958,0.140049331,-1.76995487,2
0.216217587,-2.759255011,0.041496333,2.752831908,2.495237735,1
-1.406967679,-0.90790263,0.561608457,-0.025637677,-0.650067557,2
-1.2041059,-3.764229628,1.284185112,-1.11041795,2.770589869,2
-2.003256983,-3.560336547,0.854348064,-1.214243302,2.139225596,2
-1.412831833,-0.830094866,1.127813971,-0.217018717,-1.106860064,2
1.684471266,1.623908068,0.643558417,-0.00871816,-0.834972776,0
0.180033552,0.405406135,-1.203321374,2.057350051,-0.124902811,0
-0.415923813,-0.894948939,0.401110864,-0.666755302,0.605434152,2
-0.648074558,-1.089003767,0.478880848,-1.145166371,0.726822431,2
1.849673641,-2.584021461,3.347629709,1.142660123,1.891839157,1
-0.188290797,-2.069267505,-0.000413494,1.162771426,1.880454458,1
1.37121462,0.042729065,0.398105286,1.912122366,0.268676378,1
-0.362791792,-1.33666516,0.977110974,-0.495181776,0.688088547,2
0.770102865,0.860160705,1.567203779,-2.509296997,-0.607026716,1
1.524466881,-2.386993161,2.809207988,0.959679311,1.821261252,1
-1.28268214,1.923403686,-3.68113875,1.893510363,-1.38063857,0
-1.02355408,-1.059486055,0.750771973,-0.090488825,-0.23054946,2
1.188631604,-1.500304257,0.816767448,2.616661741,1.373227526,1
-0.752912135,-0.301621301,0.425017824,-1.271266103,-0.223273893,2
1.043886279,-2.175189471,1.499580545,1.745285226,1.830294067,1
1.223936368,1.800335169,0.380311773,-0.249131582,-1.194436885,1
0.687279564,2.822389349,-1.285034383,0.979779856,-2.088262027,0
-0.568881586,-1.041898222,-0.972527749,0.570486841,1.238745915,1
0.482414288,1.144162962,-0.314274869,-0.354669112,-0.549694652,1
1.408870355,1.671327197,-0.48302074,1.459772541,-0.81353413,0
1.940974655,-2.765116036,3.280692114,1.639302905,2.070253915,1
-1.163373601,0.606543285,-2.91119494,1.555288937,-0.163874466,0
-0.2764584,-0.505046037,0.670923352,-0.948379671,0.16754633,2
0.11814979,-0.376778174,-0.855381771,1.440611442,0.700323648,1
0.614886267,0.193529727,0.236034101,-1.181568631,0.578770052,2
1.833672357,-2.017398422,2.382916659,2.277466981,1.53324844,1
-0.218486732,-3.241359134,1.390706322,-1.190256071,3.018973495,2
-1.017300704,-1.75511613,0.881653099,-0.672791267,0.706596572,2
